{
  "version": 1,
  "author": "Do Thi Anh Thu",
  "editor": "wokwi",
  "parts": [
    { "type": "wokwi-esp32-devkit-v1", "id": "esp", "top": 90.68, "left": 99.71, "attrs": {} },
    {
      "type": "wokwi-dht22",
      "id": "dht1",
      "top": 58.41,
      "left": -196.2,
      "attrs": { "temperature": "48.5", "humidity": "16" }
    },
    {
      "type": "wokwi-led",
      "id": "led1",
      "top": -78.01,
      "left": -79.51,
      "attrs": { "color": "red" }
    },
    {
      "type": "wokwi-buzzer",
      "id": "bz1",
      "top": -17.38,
      "left": 263.71,
      "attrs": { "volume": "0.1" }
    },
    {
      "type": "wokwi-led",
      "id": "led2",
      "top": -38.18,
      "left": -44.66,
      "attrs": { "color": "yellow" }
    },
    {
      "type": "wokwi-led",
      "id": "led3",
      "top": 1.55,
      "left": -8.44,
      "attrs": { "color": "green" }
    }
  ],
  "connections": [
    [ "esp:TX0", "$serialMonitor:RX", "", [] ],
    [ "esp:RX0", "$serialMonitor:TX", "", [] ],
    [ "dht1:GND", "esp:GND.2", "black", [ "v0" ] ],
    [ "dht1:SDA", "esp:D12", "green", [ "v0" ] ],
    [ "dht1:VCC", "esp:3V3", "red", [ "v0" ] ],
    [ "led1:C", "esp:GND.2", "black", [ "v0" ] ],
    [ "led1:A", "esp:D14", "green", [ "v0" ] ],
    [ "bz1:1", "esp:GND.1", "black", [ "v0" ] ],
    [ "esp:D15", "bz1:2", "green", [ "h0" ] ],
    [ "led2:C", "esp:GND.2", "black", [ "v0" ] ],
    [ "led2:A", "esp:D27", "green", [ "v0" ] ],
    [ "led3:C", "esp:GND.2", "black", [ "v0" ] ],
    [ "led3:A", "esp:D26", "green", [ "v0" ] ]
  ],
  "dependencies": {}
}